{
  "floyd_mean": 0.052884615384615384,
  "floyd_sd": 0.24493190644745857,
  "beatles_mean": 0.4119106699751861,
  "beatles_sd": 1.3002323068212809,
  "t_statistic": -3.9448659949838594,
  "p_value": 8.913782916814414e-05,
  "cohens_d": -0.33679735302451635,
  "floyd_ci_lower": 0.02403846153846154,
  "floyd_ci_upper": 0.08653846153846154,
  "beatles_ci_lower": 0.3002481389578164,
  "beatles_ci_upper": 0.5459677419354838
}